Dimension,Code,Title,ParentDimension,ParentCode,ParentTitle
AGEGROUP,AGEGROUP_AGE0-29,0-29 years of age,,,
AGEGROUP,AGEGROUP_AGE0-4,0-4 years of age,,,
AGEGROUP,AGEGROUP_AGE100+,100+ years of age,,,
AGEGROUP,AGEGROUP_AGE10-14,10-14 years of age,,,
AGEGROUP,AGEGROUP_AGE1-4,1-4 years of age,,,
AGEGROUP,AGEGROUP_AGE15-19,15-19  years of age,,,
AGEGROUP,AGEGROUP_AGE15-24,15-24 years of age,,,
AGEGROUP,AGEGROUP_AGE15-44,15-44 years of age,,,
AGEGROUP,AGEGROUP_AGE15-49,15-49 years of age,,,
AGEGROUP,AGEGROUP_AGE18-19,18-19 years of age,,,
AGEGROUP,AGEGROUP_AGE18-24,18-24 years of age,,,
AGEGROUP,AGEGROUP_AGE18-49,18-49 years of age,,,
AGEGROUP,AGEGROUP_AGE18-50,18-50 years of age,,,
AGEGROUP,AGEGROUP_AGE20-24,20-24 years of age,,,
AGEGROUP,AGEGROUP_AGE20-29,20-29 years of age,,,
AGEGROUP,AGEGROUP_AGE20-PLUS,20+ years of age,,,
AGEGROUP,AGEGROUP_AGE25-29,25-29 years of age,,,
AGEGROUP,AGEGROUP_AGE25-34,25-34 years of age,,,
AGEGROUP,AGEGROUP_AGE25-PLUS,25+ years of age,,,
AGEGROUP,AGEGROUP_AGE30-34,30-34 years of age,,,
AGEGROUP,AGEGROUP_AGE30-35,30-35 years of age,,,
AGEGROUP,AGEGROUP_AGE30-39,30-39 years of age,,,
AGEGROUP,AGEGROUP_AGE30-49,30-49 years of age,,,
AGEGROUP,AGEGROUP_AGE35-39,35-39 years of age,,,
AGEGROUP,AGEGROUP_AGE35-44,35-44 years of age,,,
AGEGROUP,AGEGROUP_AGE40-44,40-44 years of age,,,
AGEGROUP,AGEGROUP_AGE40-49,40-49 years of age,,,
AGEGROUP,AGEGROUP_AGE45-49,45-49 years of age,,,
AGEGROUP,AGEGROUP_AGE45-59,45-59 years of age,,,
AGEGROUP,AGEGROUP_AGE50+,50+ years of age,,,
AGEGROUP,AGEGROUP_AGE50-54,50-54 years of age,,,
AGEGROUP,AGEGROUP_AGE55-59,55-59 years of age,,,
AGEGROUP,AGEGROUP_AGE5-9,5-9 years of age,,,
AGEGROUP,AGEGROUP_AGE60+,60+ years of age,,,
AGEGROUP,AGEGROUP_AGE60-64,60-64 years of age,,,
AGEGROUP,AGEGROUP_AGE65-69,65-69 years of age,,,
AGEGROUP,AGEGROUP_AGE70-74,70-74 years of age,,,
AGEGROUP,AGEGROUP_AGE75-79,75-79 years of age,,,
AGEGROUP,AGEGROUP_AGE80+,80+ years of age,,,
AGEGROUP,AGEGROUP_AGE80-84,80-84 years of age,,,
AGEGROUP,AGEGROUP_AGE85-89,85-89 years of age,,,
AGEGROUP,AGEGROUP_AGE85PLUS,85+ years of age,,,
AGEGROUP,AGEGROUP_AGE90-94,90-94 years of age,,,
AGEGROUP,AGEGROUP_AGE95-99,95-99 years of age,,,
AGEGROUP,AGEGROUP_AGEAll,Total (All ages),,,
AGEGROUP,AGEGROUP_AGELT1,<1 year of age,,,
AGEGROUP,AGEGROUP_AGELT60,Below 60 years old,,,
AGEGROUP,AGEGROUP_AGEUnspecified,Unspecified,,,
AGEGROUP,AGEGROUP_ALLAges,All ages,,,
AGEGROUP,AGEGROUP_DAYS0-27,0-27 days,,,
AGEGROUP,AGEGROUP_MONTHS0-1,0 to 1 month,,,
AGEGROUP,AGEGROUP_MONTHS0-11,0 to 11 months,,,
AGEGROUP,AGEGROUP_MONTHS0-23,0 to 23 months,,,
AGEGROUP,AGEGROUP_MONTHS0-5,0 to 5 months,,,
AGEGROUP,AGEGROUP_MONTHS12-15,12 to 15 months,,,
AGEGROUP,AGEGROUP_MONTHS12-17,12 to 17 months,,,
AGEGROUP,AGEGROUP_MONTHS12-23,12 to 23 months,,,
AGEGROUP,AGEGROUP_MONTHS12-59,12 to 59 months,,,
AGEGROUP,AGEGROUP_MONTHS1-59,1-59 months,,,
AGEGROUP,AGEGROUP_MONTHS16-19,16 to 19 months,,,
AGEGROUP,AGEGROUP_MONTHS18-23,18 to 23 months,,,
AGEGROUP,AGEGROUP_MONTHS20-23,20 to 23 months,,,
AGEGROUP,AGEGROUP_MONTHS2-3,2 to 3 months,,,
AGEGROUP,AGEGROUP_MONTHS24-29,24 to 29 months,,,
AGEGROUP,AGEGROUP_MONTHS24-35,24 to 35 months,,,
AGEGROUP,AGEGROUP_MONTHS24-59,24 to 59 months,,,
AGEGROUP,AGEGROUP_MONTHS30-35,30 to 35 months,,,
AGEGROUP,AGEGROUP_MONTHS36-41,36 to 41 months,,,
AGEGROUP,AGEGROUP_MONTHS36-47,36 to 47 months,,,
AGEGROUP,AGEGROUP_MONTHS36-59,36 to 59 months,,,
AGEGROUP,AGEGROUP_MONTHS42-47,42 to 47 months,,,
AGEGROUP,AGEGROUP_MONTHS4-5,4 to 5 months,,,
AGEGROUP,AGEGROUP_MONTHS48-53,48 to 53 months,,,
AGEGROUP,AGEGROUP_MONTHS48-59,48 to 59 months,,,
AGEGROUP,AGEGROUP_MONTHS54-59,54 to 59 months,,,
AGEGROUP,AGEGROUP_MONTHS6-11,6 to 11 months,,,
AGEGROUP,AGEGROUP_MONTHS6-23,6 to 23 months,,,
AGEGROUP,AGEGROUP_MONTHS6-59,6 to 59 months,,,
AGEGROUP,AGEGROUP_MONTHS6-8,6 to 8 months,,,
AGEGROUP,AGEGROUP_MONTHS9-11,9 to 11 months,,,
AGEGROUP,AGEGROUP_NA,Not applicable,,,
AGEGROUP,AGEGROUP_YEARS00-01,0-1 years of age,,,
AGEGROUP,AGEGROUP_YEARS00-04,0-4 years of age,,,
AGEGROUP,AGEGROUP_YEARS00-09,0-9  years of age,,,
AGEGROUP,AGEGROUP_YEARS010-19,10-19 duplicate,,,
AGEGROUP,AGEGROUP_YEARS01-04,1-4 years of age,,,
AGEGROUP,AGEGROUP_YEARS01-14,1-14 years of age,,,
AGEGROUP,AGEGROUP_YEARS02-05,2-5 years of age,,,
AGEGROUP,AGEGROUP_YEARS02-14,2-14 years of age,,,
AGEGROUP,AGEGROUP_YEARS0-4,0-4 years of age,,,
AGEGROUP,AGEGROUP_YEARS05-09,5-9 years of age,,,
AGEGROUP,AGEGROUP_YEARS05-12,5-12 years of age,,,
AGEGROUP,AGEGROUP_YEARS05-14,5-14 years of age,,,
AGEGROUP,AGEGROUP_YEARS05-17,5-17 years of age,,,
AGEGROUP,AGEGROUP_YEARS05-19,5-19  years of age,,,
AGEGROUP,AGEGROUP_YEARS05PLUS,5+ years of age,,,
AGEGROUP,AGEGROUP_YEARS10-14,10-14 years of age,,,
AGEGROUP,AGEGROUP_YEARS10-19,10-19 years of age,,,
AGEGROUP,AGEGROUP_YEARS10-29,10-29 years of age,,,
AGEGROUP,AGEGROUP_YEARS10PLUS,10+ years of age,,,
AGEGROUP,AGEGROUP_YEARS11-17,11-17 years of age,,,
AGEGROUP,AGEGROUP_YEARS15-19,15-19 years of age,,,
AGEGROUP,AGEGROUP_YEARS15-24,15-24 years of age,,,
AGEGROUP,AGEGROUP_YEARS15-29,15-29  years of age,,,
AGEGROUP,AGEGROUP_YEARS15-34,15-34 years of age,,,
AGEGROUP,AGEGROUP_YEARS15-49,15-49 years of age,,,
AGEGROUP,AGEGROUP_YEARS15-69,15-69 years of age,,,
AGEGROUP,AGEGROUP_YEARS15PLUS,15+ years of age,,,
AGEGROUP,AGEGROUP_YEARS18-29,18-29 years of age,,,
AGEGROUP,AGEGROUP_YEARS18-PLUS,18+  years of age,,,
AGEGROUP,AGEGROUP_YEARS20-24,20-24 years of age,,,
AGEGROUP,AGEGROUP_YEARS20-29,20-29 years of age,,,
AGEGROUP,AGEGROUP_YEARS20-49,20-49 years of age,,,
AGEGROUP,AGEGROUP_YEARS25-29,25-29 years of age,,,
AGEGROUP,AGEGROUP_YEARS25-34,25-34 years of age,,,
AGEGROUP,AGEGROUP_YEARS25PLUS,25+ years of age,,,
AGEGROUP,AGEGROUP_YEARS30-34,30-34 years of age,,,
AGEGROUP,AGEGROUP_YEARS30-39,30-39  years of age,,,
AGEGROUP,AGEGROUP_YEARS30-49,30-49 years of age,,,
AGEGROUP,AGEGROUP_YEARS30-69,30-69 years of age,,,
AGEGROUP,AGEGROUP_YEARS30-79,30-79 years of age,,,
AGEGROUP,AGEGROUP_YEARS30-PLUS,30+ years of age,,,
AGEGROUP,AGEGROUP_YEARS35-39,35-39 years of age,,,
AGEGROUP,AGEGROUP_YEARS35-44,35-44 years of age,,,
AGEGROUP,AGEGROUP_YEARS35-49,35-49 years of age,,,
AGEGROUP,AGEGROUP_YEARS35-54,35-54 years of age,,,
AGEGROUP,AGEGROUP_YEARS40-44,40-44 years of age,,,
AGEGROUP,AGEGROUP_YEARS40-49,40-49 years of age,,,
AGEGROUP,AGEGROUP_YEARS45-49,45-49 years of age,,,
AGEGROUP,AGEGROUP_YEARS45-54,45-54 years of age,,,
AGEGROUP,AGEGROUP_YEARS50-54,50-54 years of age,,,
AGEGROUP,AGEGROUP_YEARS50-59,50-59 years of age,,,
AGEGROUP,AGEGROUP_YEARS50-69,50-69 years of age,,,
AGEGROUP,AGEGROUP_YEARS50PLUS,50+ years of age,,,
AGEGROUP,AGEGROUP_YEARS55-59,55-59 years of age,,,
AGEGROUP,AGEGROUP_YEARS55-64,55-64 years of age,,,
AGEGROUP,AGEGROUP_YEARS55PLUS,55+ years of age,,,
AGEGROUP,AGEGROUP_YEARS60-64,60-64 years of age,,,
AGEGROUP,AGEGROUP_YEARS60-69,60-69 years of age,,,
AGEGROUP,AGEGROUP_YEARS65-69,65-69 years of age,,,
AGEGROUP,AGEGROUP_YEARS65-74,65-74 years of age,,,
AGEGROUP,AGEGROUP_YEARS65PLUS,65+ years of age,,,
AGEGROUP,AGEGROUP_YEARS70+,70 plus  years of age (please delete. It does not work with menu.xml),,,
AGEGROUP,AGEGROUP_YEARS70-74,70-74 years of age,,,
AGEGROUP,AGEGROUP_YEARS70-79,70-79 years of age,,,
AGEGROUP,AGEGROUP_YEARS70PLUS,70+ years of age,,,
AGEGROUP,AGEGROUP_YEARS75-79,75-79 years of age,,,
AGEGROUP,AGEGROUP_YEARS75-84,75-84 years of age,,,
AGEGROUP,AGEGROUP_YEARS80-84,80-84 years of age,,,
AGEGROUP,AGEGROUP_YEARS80PLUS,80+ years of age,,,
AGEGROUP,AGEGROUP_YEARS85PLUS,85+ years of age,,,
AGEGROUP,AGEGROUP_YEARSALL,Total (All ages),,,
AGEGROUP,AGEGROUP_YEARSLESS15,<15 years of age,,,
AGEGROUP,AGEGROUP_YEARSLESS18,<18 years of age,,,
AGEGROUP,AGEGROUP_YEARSUNDER5,<5 years of age,,,
