Dimension,Code,Title,ParentDimension,ParentCode,ParentTitle
GHO,MDG_0000000003,Adolescent birth rate (per 1000 women),,,
GHO,MDG_0000000025,Births attended by skilled health personnel (%),,,
GHO,MDG_0000000026,Maternal mortality ratio (per 100 000 live births),,,
GHO,NUTRITION_ANAEMIA_REPRODUCTIVEAGE_NUM,Number of women of reproductive age (aged 15-49 years) with anaemia (thousands),,,
GHO,NUTRITION_ANAEMIA_REPRODUCTIVEAGE_PREV,Prevalence of anaemia in women of reproductive age (aged 15-49) (%),,,
GHO,SRHINSTITUTIONALBIRTH,Proportion of births delivered in a health facility (Facility births) (%),,,
GHO,WHS4_115,Births by caesarean section (%),,,
GHO,WHS4_154,Antenatal care coverage - at least four visits (%),,,
